first_name,last_name,City
Katherine,Rose,Warnes
Carolyn,Morales,Jacksonville
Jack,Howard,Trat
Ruth,Wallace,Sakākā
Edward,Richards,Pittsburgh
Johnny,Carter,Nebug
Jeffrey,Ryan,Tomaševac
Evelyn,Robinson,Mahébourg
Marilyn,Miller,Marseille
Timothy,Barnes,Sabanagrande
Catherine,Owens,Tadrart
Martin,Austin,Den Chai
Charles,Roberts,Porsgrunn
Bonnie,Watkins,Dahua
Rachel,Gray,Kebonsari
Norma,Wells,Xiaxi
Frances,Oliver,Pristen’
Stephen,Campbell,Boavista
Kevin,Perry,Beilun
Cheryl,Nichols,Fleury-les-Aubrais
Randy,Brooks,Songjiang
Sara,Simpson,Asquipata
James,Weaver,Tarnowskie Góry
Janice,Chavez,Zavolzh’ye
Gary,Richards,Płock
Alan,Garrett,Huzhen
Debra,Jacobs,Phù Mỹ
Carolyn,Fox,Clichy
Eugene,Foster,Nijmegen
Shawn,Bell,Svetlyy
Diana,Kelley,Mino
Robin,Chapman,Cilebang Satu
Scott,Barnes,Banaba
Lois,Marshall,Maricá
Helen,Hill,Ōmamachō-ōmama
Marie,Morales,Booterstown
Gary,Patterson,Cipicung Timur
Kimberly,Harper,Wang Thonglang
Carolyn,Holmes,Long’anqiao
Terry,Stephens,Nakuru
Jimmy,Cooper,Boshi
Robin,Perez,Legionowo
Ruth,Flores,Maple Ridge
Alan,Ellis,Bogoria
Tammy,Lane,Qelëz
Phillip,Simmons,Dashiren
George,Richardson,Jepat Kidul
Linda,Mason,Brnaze
Jennifer,Oliver,Ciawi
Gregory,Turner,Atsugi
Elizabeth,Butler,Limeira
Bonnie,Allen,Bambang
Mark,Reed,Peña
Randy,Kim,Agara
Joe,Kelley,Huanggu
Judy,Nichols,Guanajay
Juan,Parker,Luqa
Ann,Daniels,Valencia
Peter,Hudson,Tanahmerah
Bruce,Price,Norak
Brandon,Woods,Sindangjawa
Betty,Evans,Dziadkowice
Scott,Wood,Daguo
Terry,Nguyen,Chunhu
Roy,Peters,Fengqiao
Jack,Welch,Strzelin
Brian,Henry,Daur
Christina,Butler,Cachoeirinha
Dennis,Hunt,Artemisa
Jennifer,Reynolds,Baoluan
Chris,Spencer,Hangzhou
Joyce,Barnes,Paris 02
Linda,Carpenter,Iperó
Eugene,Morales,Milovice
Douglas,Olson,Gulou
Kimberly,Rodriguez,Xixiang
Jacqueline,Wagner,Liufeng
Matthew,Elliott,Mora
Joseph,Stephens,Tshikapa
Patrick,Edwards,Arbuzynka
George,Robinson,Kumbo
Diana,Taylor,Smoky Lake
Evelyn,Lawrence,Port Colborne
Frank,Weaver,Koreiz
Sharon,Knight,Tumbi
Judith,Morales,Aş Şūrah aş Şaghīrah
Thomas,Scott,Gorzyczki
Martin,Cole,Ussel
Irene,Matthews,Talangnan
Kelly,Dixon,Qādirpur Rān
Amanda,Harrison,El Tambo
Eric,Reyes,Pakokku
Alice,Arnold,Nova Viçosa
Wayne,Thompson,Monte Carmelo
Johnny,Warren,Mansa
Janice,Parker,Telêmaco Borba
Joan,Phillips,Suponevo
Antonio,Garrett,Tanabe
Rachel,Young,Boise
Pamela,George,Byera Village
Jason,Owens,Konga
Dorothy,Morales,Charopó
Barbara,Knight,Mantingantengah
Andrea,Rivera,Mallow
Marilyn,Rogers,Prokhorovka
Charles,Shaw,Celorico de Basto
Chris,Dixon,Oliveira
Cynthia,Porter,Piracicaba
Carol,Jordan,Tongda
Lawrence,Hanson,Banjar Tengah
Anna,Fisher,Shengao
Irene,Hanson,Ibarra
Margaret,Jackson,Sharkawshchyna
Ernest,Porter,Shiḩan as Suflá
Martha,Fields,Notre-Dame-de-l'Île-Perrot
Gregory,Hill,Banakaja
Marilyn,Williams,Ujar
Jonathan,Reid,Zhangxiang
Debra,Taylor,Murmashi
Ashley,Welch,Novi Pazar
Clarence,Griffin,Pilar do Sul
Gloria,Foster,Colima
Wayne,Parker,Minas de Matahambre
Charles,Peters,Embu Guaçu
Ronald,Stone,Gouping
Adam,Black,Nyzhni Petrivtsi
Clarence,Robertson,Bago
Joseph,Diaz,Dahua
Jennifer,Burke,Lidköping
Donald,Kim,Sigou
Shirley,Hayes,Xin’an
Laura,Olson,Shangfang
Pamela,Romero,Valparaíso
Beverly,Nichols,Landvetter
Andrea,Harrison,Polonne
Deborah,Berry,Shajing
Phyllis,Bennett,Sentul
Ernest,Kennedy,Jinze
Anthony,Gonzalez,Gafsa
Janice,Smith,Banyumas
Diane,King,Qiaodong
Nicole,Howard,Sumberpucung
Thomas,Grant,Phon Charoen
Nicole,Hayes,Hongqi
Helen,Ford,Tivat
Anthony,Wallace,Cola
Kevin,Kim,Necoclí
Jack,Hicks,Tangal
Jack,Stephens,Novopokrovskaya
Jeffrey,Wells,Banjar Tengah
Linda,Bennett,Toyoshina
Martha,Shaw,Totoras
John,Cooper,Ðà Lạt
Stephanie,Bailey,Cherepovets
Wanda,Kim,Quintão
Arthur,Carroll,Oskarshamn
Kevin,Spencer,Sitiarjo
Melissa,Clark,Thanh Nê
Julia,Gonzales,Ketapang
Randy,Gilbert,Virginia
Phyllis,Rice,Maguilling
Michael,Flores,Nouakchott
Joe,Welch,Albania
Frances,Simmons,San Francisco
Kathy,Day,Orleans
Victor,Sims,Villeneuve-la-Garenne
Irene,Taylor,Bertioga
Shirley,Wood,El Mirador
Roger,Greene,Luau
Jane,Fox,Tando Jām
Benjamin,Willis,Wanling
Irene,Willis,Suhe
Dennis,Thompson,Ar Rujum
Wayne,Harvey,Fermont
Martin,Owens,Xiashixiang
Mark,Knight,Didi Lilo
Tammy,Webb,Ludvika
Louis,Peterson,Kavadarci
Sharon,Price,Vila Chã
Douglas,Greene,Tamot
Joan,Meyer,Oskarshamn
Jacqueline,Morrison,Pilar
Gregory,Cruz,Pachīr wa Āgām
Ann,Cole,Pulian
Nicole,Morales,Shënmëri
Adam,Hanson,Calabugao
Joan,Gonzales,Isheyevka
Michael,Powell,Phan Thong
Tina,Alvarez,Nice
Barbara,Riley,Kosh-Agach
Eric,Carroll,Kota Kinabalu
Julie,Jenkins,Pacobamba
Christina,Williamson,Jieshi
Joe,Price,Verkhovyna
Julia,Fuller,São Pedro
George,Vasquez,Prozor
Ernest,Carroll,Västra Frölunda
Todd,Cooper,Huinca Renancó
Evelyn,Moore,Cereté
Martin,Williams,Itapecuru Mirim
Michelle,Ward,Tacoma
Christina,James,Atbasar
Donna,Stanley,Laocheng
Frank,Peterson,Dawuhanmangli
Beverly,Perry,København
Mary,Campbell,Uttar Char Fasson
Victor,Greene,Eusébio
Adam,Bell,Jifarong
Harold,White,Tobruk
Patricia,Castillo,Pop Shahri
Wanda,Hunter,Ishikawa
Amy,Thompson,Złotów
Rachel,Sanchez,Osypenko
Rachel,Morrison,Strathmore
Cheryl,Ross,Wakefield
Kathryn,Green,Shangju
Julia,Gutierrez,Huimin
Rebecca,Knight,Nagu
Frances,Meyer,San Antonio
Mark,Brown,Shuangjiang
Jose,Ruiz,Delmiro Gouveia
Louise,Schmidt,Bol’shoye Selo
Virginia,Ortiz,Ayotupas
Ann,Hunter,Oliveira
John,Oliver,Parnamirim
Betty,Stanley,Altanbulag
Clarence,Banks,Cergy-Pontoise
Joe,Garcia,Shouchun
Carlos,George,Independencia
Denise,Martinez,Tiron
Bonnie,Barnes,Sasnovy Bor
Roy,Medina,Duqu
Catherine,Richards,Dapeng
Irene,Wright,Galtek
Lawrence,Fox,Big Bend
Andrew,Cole,Nova Viçosa
Jessica,Allen,Banjar Teguan
Steve,Cruz,Złotów
Gerald,Banks,Npongge
Diane,Boyd,Černožice
Dorothy,Ramirez,Oke Mesi
Victor,Long,Hyrynsalmi
Earl,Gomez,Ryazhsk
Sharon,Ford,‘Abasān al Kabīrah
Martha,Allen,Niedźwiedź
Paul,Diaz,Albuquerque
Catherine,Richardson,Radès
Clarence,Arnold,Guadalupe Victoria
Betty,Allen,Legrada
Adam,Perry,Oropéndolas
Doris,Turner,Kakata
Daniel,Perez,Lourido
Lois,Mcdonald,Kikerino
Lois,Chapman,Mirsíni
Doris,Ramirez,Kremidivka
Alan,Perry,Durrës
Thomas,Simmons,Baishan
Henry,Cox,Santa Maria
Heather,Robertson,Al Fashn
Shawn,Russell,Dengmingsi
Sandra,Parker,Stráž
Ryan,Boyd,Cibatu
Johnny,Long,Krajan
Andrea,Hudson,Luoyang
Andrew,Price,Xumu
Harold,Romero,Rybatskoye
Keith,Green,Ngujuran
Norma,Gomez,Jinta
Anna,Wallace,Jianxin
Philip,Griffin,Medveđa
Sarah,Simpson,Khovd
Frank,Bryant,Jianzhatan
Johnny,Wagner,Sopla
Theresa,Marshall,Dadiharja
Albert,Garrett,Paraíso
Brenda,Johnston,Niamey
Fred,Flores,Seren Barat
Ralph,Larson,Mvuma
Antonio,Freeman,Götene
Judy,Mendoza,Beidu
Gary,Griffin,São Mamede
Steve,Reyes,Taihe Chengguanzhen
Ryan,Cruz,Úštěk
Paula,Ross,Bondoukou
Frances,Butler,Hufang
Patricia,Elliott,Lindome
Steven,Sims,Santa María Ixhuatán
Ernest,Castillo,Cortes
Jennifer,Roberts,Lidzbark
Jonathan,Allen,Zhen’an
Brenda,Chapman,Sepīdān
David,Marshall,Kalāt
Amy,Frazier,Metz
Ronald,Mills,Uyutne
Louise,Morrison,Chishui
William,Russell,Yaozhou
Joshua,Green,Koz’modem’yansk
Ryan,Kim,Pulong Gubat
Joe,Gordon,Abakan
Debra,Alexander,Sidomulyo
Ruth,Stevens,Verona
Alice,Hunt,Buan
Martha,Cole,Médanos
Andrew,Washington,Bender
Nicholas,Shaw,Svitlovods’k
Stephanie,Lawrence,Proletar
Gloria,Evans,Ichinomiya
Larry,Hunter,Pangapisan
Carl,Holmes,Borås
Amanda,Hamilton,Stockholm
Teresa,Jackson,Siva
Chris,Holmes,Urus-Martan
Gregory,Gomez,Turiys’k
Teresa,Austin,Pho Si Suwan
Howard,Welch,Vratsa
Arthur,Arnold,Balazar
Rose,Jenkins,Sidu
Pamela,Black,Józefosław
Justin,Freeman,Krajan Dua Putukrejo
Jane,Olson,Ma’an
Susan,Murray,Tagta
Gloria,Berry,Tarauacá
Norma,Sanders,Caherconlish
Anna,Davis,Diavatá
Peter,Turner,Kouvola
Christopher,Clark,Farriar
Donald,King,Sepekov
Ann,Knight,Casa Nova
Paul,Taylor,Odeleite
Stephanie,Anderson,Guanshan
Donna,Garcia,Gaozhou
Carolyn,Pierce,Bendo
Philip,Jones,Yuli
Jose,Larson,Shixi
Brian,Anderson,Mawlamyine
Kelly,Moreno,Boa Viagem
Andrea,Little,Huoshaodian
Gloria,Owens,Ngadri
Joshua,Parker,Brwinów
Victor,Gilbert,Kotovo
Jacqueline,Kelly,Laguna Limpia
Nicholas,Torres,Ningzhong
Paula,Dunn,Gondang
Louise,Ramos,Putatbasiun
Judith,Burns,Preobrazhenka
Cynthia,Gilbert,Nidek
Peter,Nguyen,Fengmen
Donald,Harris,Kamal
Joseph,Ramos,Tsibulev
Nicholas,Wheeler,Wugui
Maria,Bishop,Ridder
Carl,Kennedy,Saihan Tal
Anne,Riley,Dom Pedrito
Johnny,Warren,Santo Domingo
Diana,Fields,Bununu Kasa
Peter,Hayes,Pacarkeling
Philip,Montgomery,Caminauit
Angela,Cooper,Gakovo
Ashley,Pierce,Robertsfors
Victor,Kim,Taikang
Antonio,Fowler,Siuna
Keith,Butler,Tempuran
Lisa,Daniels,Pingdong
Timothy,Bowman,Quetta
Raymond,Coleman,Jindayris
Jason,Perkins,Sanjiao
Gregory,Larson,Pringgoboyo
Jonathan,Jenkins,Mattawa
Howard,Palmer,Ritaebang
Alice,Mason,Vukojevci
Kelly,Gardner,Erechim
Deborah,Richards,Bilajari
Ryan,Flores,Haninge
Brenda,Gutierrez,Dehui
Jessica,Johnson,Berëzovka
Ronald,Fields,San Jose
William,Lawson,Kuala Bhee
Edward,Moore,Pandan
Ryan,King,Kalapanunggal
Rose,Edwards,Tenri
Frances,Lane,Le Bourget-du-Lac
Joyce,Webb,Beringovskiy
Anthony,Burke,Yangjia
Jack,Wheeler,Saint Petersburg
Harold,Mendoza,Brahin
Debra,Oliver,Mikun’
Nicholas,Morrison,Siedliska
Wayne,Montgomery,Bharatpur
James,Washington,Aromashevo
Katherine,Scott,Burgaltay
Walter,Ferguson,Gondomar
Jessica,Adams,Azul
Joyce,Moore,Krasnolesnyy
Joseph,Sullivan,Tinabogan
Lisa,Burton,Phoenix
Frances,Greene,Mpophomeni
Andrea,Franklin,Drochia
Jonathan,Greene,Bayeman
Phillip,Roberts,Sembalunbumbung
Rose,Chavez,Kożuchów
Laura,Hamilton,Zamboanguita
Donna,Diaz,Tsil’na
Phyllis,Johnson,Koina
Ernest,Robinson,Stara Kornica
Sarah,Arnold,Phùng
Terry,Gardner,Hanamaki
Christine,Gordon,Doumé
Sandra,Graham,Uijeongbu-si
Nicholas,Matthews,Margotuhu Kidul
Janice,Mendoza,Bollnäs
Harry,Flores,Chocope
Walter,Cruz,Vilhena
Jessica,Flores,Ash Shāmīyah
Kenneth,Lawrence,Navoiy
Brian,Fields,Vuzenica
Kevin,Hunter,Sidi Slimane
Donna,Young,Sundbyberg
Ernest,Reid,Sävedalen
Teresa,Dixon,Williston
Charles,Griffin,Uppsala
Jennifer,Moreno,Jomboy
Betty,Roberts,Kloangrotat
Brandon,Edwards,Yanhe
Kenneth,Gardner,Chafé
Anne,Morgan,Ciénaga
Andrew,Daniels,Banyo
Carolyn,Hamilton,Dahua
Louise,Smith,Zhanjia
Helen,Taylor,Almeirim
Frank,Graham,At Tall al Kabīr
Marilyn,Hughes,Bečej
Gregory,Armstrong,Xikou
Justin,Palmer,Niort
Wayne,Cook,Aioi
Raymond,Ruiz,Nagqu
Michelle,Pierce,San Juan de Manapiare
Bonnie,Fernandez,Jadowniki
Angela,Williamson,Hŭkkyo-ri
Gregory,Lane,Plérin
Michelle,Simmons,Tanjungsari Barat
William,Davis,Salavat
Peter,Moore,Đắk Song
Laura,Murray,Blagoveshchenka
Tammy,Green,Chotcza
Ruby,Richards,Barroco
Eugene,Alvarez,Smara
Robin,Ross,Malausma Kidul
Richard,White,Mantampay
Wayne,Harper,Uruobo-Okija
Harold,Ross,Nago
Laura,Ford,Tanjungkerta
Jean,Jacobs,Wuqiao
Howard,Ruiz,Denver
Bobby,Long,Paris La Défense
Laura,Harper,Nadezhda
Victor,Martinez,Banjar Kampungbugis
Andrea,Miller,Auki
Richard,Taylor,Ciperang
Robin,Olson,Rîşcani
Keith,Marshall,Evansville
Shirley,Wheeler,Huanghua
Evelyn,Morales,Stavropol’
Keith,Gibson,Xin’an
Amanda,Holmes,Gaocang
Carol,West,Cimo de Vila
Diane,Garza,Zürich
Ann,Jordan,Maglajani
Scott,Little,Zhongcheng
Sara,Sanchez,Brikcha
Ryan,Allen,Patique
Joan,Reid,Hobo
Paula,Richards,Nanhu
Rachel,Garza,Martensville
Rebecca,Webb,Ryki
Mary,Jones,Smolenskaya
Adam,Black,Dongping
Eugene,Lee,Aeka
Keith,White,Toroy
Carolyn,Fernandez,Jianghai
Gregory,Green,Bezenchuk
Ruby,Johnston,Koski Tl
Ruby,Greene,Svyatogorsk
Steve,Harvey,Yongfeng
Kathryn,Romero,Tungoo
Christine,Lawrence,Nanterre
Keith,Arnold,Kupang
Linda,Turner,Wiang Chiang Rung
Kathleen,Daniels,Mandapajaya
Wanda,Coleman,Gwoźnica Górna
Angela,Sanders,Nakhon Si Thammarat
Carlos,Rice,Kaya
Anna,Palmer,Sutton
Janice,Schmidt,Jiaoqiao
Randy,Kennedy,Krajan Nglinggis
Bonnie,Banks,Gandu
Jonathan,Moreno,Pułtusk
Kathy,Stanley,Kedatuan
Patricia,Lane,Campo Alegre
Andrew,White,Gachalá
Lillian,Ellis,Banjeru
Walter,Roberts,Luoluopu
Ronald,Day,Petřvald
Emily,Jacobs,Patía
Mark,Barnes,Klippan
Patrick,Chavez,Zaña
Laura,Kim,Pingshan
Jeremy,Wells,Stari Lec
Harold,Holmes,Chon Daen
Marie,Alexander,Ocongate
Lori,Lopez,Jinzao
Steve,Wood,Pedra Azul
David,Rivera,Helsingborg
Roger,Howard,Heling
Mary,Greene,Rajsko
Carolyn,Pierce,Jinping
Judy,Clark,Gandusari
Denise,Hudson,Taurisma
Kenneth,Phillips,Hŭngnam
Mark,Andrews,Opočno
Amy,Montgomery,Jiangti
Betty,Nichols,‘Izrā
Diane,Matthews,Chengyang
Daniel,Carroll,Benito Juarez
Lois,Gray,Toutai
Adam,Smith,Bol’shoye Skuratovo
Carl,Carter,Kurume
Aaron,Mccoy,Krrabë
Anne,Hanson,Bharatpur
Christine,Sanders,Jahrom
Jean,Hill,Kudang
Norma,Moreno,Silago
Roger,Andrews,Guiset East
Katherine,Stewart,Plavsk
Denise,Powell,Goiás
Ann,Ellis,Fuling
Sean,Duncan,Luxor
Donna,Castillo,Ningxi
Jose,Ford,Itaberaba
Phyllis,James,Al Wuday‘
Wayne,Lawson,Bennäs
Walter,Butler,Bandar Seri Begawan
Aaron,Baker,Baini
Shirley,Wells,Izhmorskiy
Jonathan,Hill,Araxá
Carolyn,Ellis,Sumberan
Dorothy,James,Nkayi
Stephen,Perkins,Ros’
Jerry,Ross,Segezha
Harold,Graham,Bonabéri
Roger,Fields,Agía Paraskeví
Dorothy,Nguyen,Cileunyi
Janet,Graham,Korotych
Robin,Franklin,København
Fred,Hart,As Salţ
Sandra,Turner,Taung
David,Sanchez,Igreja
Donald,White,Linhó
Jesse,Flores,Stockholm
David,Garza,Batuidu
Jose,Wood,Pawili
Judy,Howard,Huishangang
Tammy,Foster,Cikarang
Willie,Cruz,Zbůch
Maria,Lane,Daduo
Roy,Morris,Buenos Aires
Walter,Dixon,Ílion
Steve,Berry,Bokor
Joyce,Morales,Wierzchowo
Theresa,Carroll,Gomel
Virginia,Elliott,Alīpur
Andrea,Carter,Hödrögö
Shirley,Carroll,Tegalagung
Eric,Lynch,Málaga
Jeffrey,Clark,Tubajon
Edward,Sims,Dahao
Amy,Bailey,Pagak Kulon
Edward,Nelson,Oslo
Roger,Kelly,Paris La Défense
Phillip,Myers,Shënmëri
Harry,Jackson,Olszanica
Eric,Spencer,Rajhradice
Samuel,Hill,Haarlem
Doris,Hudson,Staraya Kupavna
Donald,Morrison,San Bartolomé Milpas Altas
Matthew,Cole,Kalinovo
Keith,Peters,Pedamaran
Ann,Fisher,Извор
Louise,Rose,Buštěhrad
Benjamin,Jenkins,Jawor
Lori,Alvarez,Lichtenburg
Jose,Black,Białośliwie
Roy,Stone,Mem Martins
Pamela,Willis,La Esperanza
Rose,Wallace,Évreux
Henry,Mason,Basseterre
Joshua,Wilson,Guanban
Donald,Hill,Maninihon
Ashley,Ruiz,Bulakan
Lawrence,Snyder,Batagay-Alyta
Joe,Hudson,Levallois-Perret
Alice,Brown,Quichuay
Robin,Franklin,Konstantinovskoye
Thomas,Garcia,Changqing
Douglas,Lee,Telheira
Judy,Ray,Villa Santa Rita
Sandra,Austin,Bulualto
Lisa,Stanley,Sanjiazi
Sandra,Jenkins,Watergrasshill
Jose,Bowman,Redon
Theresa,Myers,Cibitung
Dennis,Nguyen,Banjar Sengguan
Louis,Thomas,Durazno
Mary,Taylor,Kraśnik
Kathleen,Gonzales,Tawangrejo
Maria,Dixon,La Concepcion
Frank,Willis,Luchenza
Bobby,Bell,Tataouine
Mark,Perry,Överkalix
Carol,Rogers,Mandal
Joan,Woods,Tampa
Jerry,Mccoy,Pasolapida
Nicholas,Crawford,Wailolong
Gerald,Anderson,Ilihan
Carol,Martin,Maceo
Robin,Duncan,Nangahale
Clarence,Knight,Funehikimachi-funehiki
Carl,Wood,Qishn
Christina,Kelley,Juigalpa
James,Young,Kastsyukovichy
Ruth,Collins,Pridraga
Ryan,Miller,Mae Lan
Amy,Diaz,Krynychky
Tammy,Sullivan,Maranura
Walter,Howell,Pointe-à-Pitre
Judy,King,Jaguaquara
Lisa,Garrett,Ruma
Linda,King,Örebro
Mildred,Evans,Huaicheng
Jeffrey,Crawford,Obas
Lillian,Palmer,Bamut
Kathy,Burns,Illapel
Rebecca,Griffin,Dagang
Mildred,Butler,Longjing
Johnny,Black,Milton
Anthony,Martin,Gueset
Michelle,Richards,Daloa
Sandra,Mendoza,Sipoholon
Brenda,Roberts,Chư Prông
Amy,Wilson,Jeruk
Eric,Jones,Budënnovsk
Pamela,Garrett,Cornwall
Lillian,Butler,Donnybrook
Arthur,Anderson,Khon Kaen
Eugene,Carpenter,Blumenau
Antonio,Murphy,Jinan-gun
Judy,Simmons,Igrejinha
Norma,Gibson,San Antonio
Judith,Lawson,Zhonghechang
Robin,Spencer,Paris 09
Kevin,Mccoy,Daytona Beach
Ruth,Bailey,Grand Bank
Dorothy,Kelly,Shuitianhe
Edward,Sanchez,Ongi
Brian,George,Lammi
Henry,Griffin,Beauvais
Nicholas,Hanson,Gandra
Alice,Fowler,Paris 14
Michelle,Stanley,Ramat HaSharon
Evelyn,Willis,Port Moody
Donna,Chapman,Calais
Heather,Clark,Santo André
Joyce,Chavez,João Câmara
Philip,Nichols,Nowshera Cantonment
Amanda,Ramirez,Jishigang
Rachel,Dixon,Huangtian
Kenneth,Moore,Kiili
Wayne,Stephens,Baláo
Donna,Ford,Gorzyczki
Andrea,Bell,Tayuan
Samuel,Knight,Oton
Cheryl,Griffin,Tsurusaki
Jose,Campbell,Polje
Randy,Hansen,Dalsjöfors
Shirley,Lewis,Kotuń
Helen,Sullivan,Kuteynykove
Willie,Perkins,Hengshan
Peter,Williams,Mthatha
Lisa,Freeman,Maliq
Fred,Hernandez,Salta
Annie,Kelly,Kalá Déndra
Anna,Reed,Campinho
Kathryn,Montgomery,Siedleczka
Louise,Johnson,Yuli
Sharon,Williams,Kigali
Jose,Mitchell,Igrejinha
Helen,Hughes,Dembeni
Mildred,Wallace,Kiangan
Roy,Boyd,Borek Wielkopolski
James,Foster,Dongfeng
Joshua,Williams,Kedungdoro
Christina,Gibson,Pretoria
Timothy,Gomez,Pórto Chéli
Martha,Morris,Vukovar
Lawrence,Harper,Kranggan
Marie,Perez,Nikhom Phattana
Jeffrey,Sullivan,Bayabas
Maria,Black,Melaka
Joe,Fields,Muleng
Andrea,Marshall,Le Mans
Susan,Harvey,Bakıxanov
Philip,Hansen,Tupiza
Michael,Parker,Apaga
Ann,Jacobs,Göteborg
Andrew,Stone,Leeuwarden
Lawrence,Owens,Columbus
Ashley,Rogers,Svetlyy
Alan,Gilbert,Los Angeles
Billy,Hansen,Jadów
Steve,Jenkins,Krebetkrajan
Kelly,Chavez,Jōetsu
Phillip,Daniels,Hongqi
Louise,Phillips,Chapayevka
Lawrence,Cruz,Mouriscas
Thomas,Burke,Millau
Susan,Thompson,Batsari
Gloria,Campbell,Yinhedahan’er
Carolyn,Simmons,Tian’an
Martha,Nguyen,Sŭedinenie
Albert,Spencer,Baiguo
James,Franklin,Granada
Frank,Phillips,Yong’an
Martha,Perez,Almirante Tamandaré
Larry,Diaz,Ulundi
Raymond,Johnson,Ķegums
Kelly,Alvarez,Pho Thong
Joan,Tucker,Ban Mai
David,Bishop,Semerak
Kevin,Matthews,Soledad
Melissa,Lee,Kuala Lumpur
Matthew,Brown,Apartadó
Carl,Marshall,Poříčany
Paula,Banks,Ponte da Pedra
Maria,Crawford,Grand Junction
Anne,Stone,Crato
Todd,Woods,Engure
Judy,Knight,Morelos
Dennis,Ramirez,Kamnica
Alan,Mccoy,Vatutine
Keith,Turner,Sieroszewice
Jerry,Sanders,Lhabupu
Stephanie,Day,Ejigbo
Heather,Lee,Danchang
Louis,Carroll,Zamora
Eric,Wheeler,Tomelilla
Timothy,Allen,Jobabo
Larry,Watkins,Pobral
Samuel,Burns,Paringin
Patricia,Kelly,Qiulu
David,Powell,Wołczyn
Lois,Crawford,Mogok
Nicholas,Gutierrez,Nashtā Rūd
Antonio,Mendoza,Péplos
Janice,Carpenter,Dvůr Králové nad Labem
Jean,Anderson,Lille
Beverly,Simpson,Bethlehem
Cheryl,Marshall,Ayna
Denise,West,Huangmei
Scott,Morales,Linfen
Ann,Turner,Hamberang Sabrang
Kimberly,Ray,Yangzhuang
Michael,Castillo,Guocun
Kenneth,George,Malabag
Judy,Murray,Longquan
Karen,Palmer,Qingfeng
Lori,Sanchez,Nashville
Heather,Bishop,Tandag
Michael,Palmer,Alcaria
Brenda,Davis,Luzhou
Craig,Bradley,Chongkan
Carlos,Webb,Ādīs Zemen
Jane,Hansen,Santo Tomas
Michelle,Gray,Krajan
Randy,Wagner,Pergan
George,Snyder,Pérama
Larry,Franklin,Rowokangkung
Brenda,Hawkins,São Vicente
Angela,George,‘Amd
Alice,Dean,Boulogne-Billancourt
Timothy,Bailey,Tazemmourt
Tammy,Bennett,Suhopolje
Jennifer,Weaver,Mourelos
Ruby,Russell,Saubara
Jeffrey,Morales,Robīt
Raymond,Willis,Kotel
Mildred,Fox,Łysomice
Philip,Wells,Suicheng
Keith,Murray,Banjarmasin
Clarence,White,Władysławowo
Roy,Pierce,Severnyy
Albert,Schmidt,Ekibastuz
Jeffrey,Dunn,Cruz
Michael,Franklin,Krajan Menggare
Raymond,Cook,Guanmian
Daniel,Kelly,Zhongxin
Susan,Reed,Kónitsa
Janice,Arnold,Lepanto
Wanda,Martinez,Paso de Carrasco
Cynthia,Garcia,Dijon
Margaret,Montgomery,Mombok
Beverly,Roberts,Lianglin
Carolyn,Hart,Stakhanov
Robert,Harper,Keli
Janet,Berry,Andou
Harold,Henderson,Limanowa
Timothy,Myers,Gansa
Albert,Johnson,Cluny
Jean,Fowler,Los Aquijes
Kathryn,George,Azteca
Marie,Lopez,Tangxia
Kathy,Jackson,Xiaolong
Brian,Bryant,Cruces de Anorí
Larry,Roberts,Nizui
Heather,Ortiz,Zhaxirabdain
Donna,Burke,Lao Suea Kok
Brian,Kim,Unity
Bonnie,Ross,Gueltat Zemmour
Steve,Scott,Celorico de Basto
Chris,Ortiz,Sukarara Utara
Barbara,Cooper,Yabuli
Kimberly,Martin,Estância
Jean,Rice,Yuscarán
Kimberly,Fields,Miguelópolis
Bruce,Ward,Louisville
Lillian,Hamilton,Putinci
Peter,White,Zhujiatai
Marie,Martinez,Liqi
Kathleen,Armstrong,Keumala
Paula,Vasquez,Ol’gino
Mary,Ray,Tres Isletas
Christopher,Garza,Zográfos
Earl,Palmer,Wlingi
Alan,Cox,Xinzheng
Nicholas,Schmidt,Palopat
Henry,Mcdonald,Esil
Albert,Lynch,Dimbokro
Jessica,Phillips,Rio Claro
Henry,Morgan,Sundbyberg
Samuel,Russell,Calasgasan
Doris,Gonzales,Lélouma
Angela,Gonzalez,Altavista
Jason,Evans,Ängelholm
Kathleen,Henderson,Arujá
Andrea,Morales,Passos
Jonathan,Medina,Baiqi
Marilyn,Burke,Vimieiro
Jessica,Gomez,Ngulahan
Timothy,Robinson,Wutumeiren
Gary,Nelson,Maayong Tubig
Harry,Warren,Moyynkum
Steve,Martinez,Akouda
Nancy,Thompson,Békéscsaba
Anna,Harvey,Bembèrèkè
George,Clark,Voloshka
Stephen,Stevens,Lesnoy
Kenneth,Banks,Xiapu
Joseph,Evans,Tsimasham
Fred,Gilbert,Yuncao
Rachel,Gibson,Saint-Quentin-en-Yvelines
Patrick,Wilson,Bissau
Fred,Henry,Khabarovsk
Henry,Dunn,Acopampa
Kevin,Matthews,Carpiquet
Christina,Bell,Vila Moreira
Richard,Collins,Libertad
Louis,Woods,Dao’er
Robert,Little,Tanza
Willie,Schmidt,Waipawa
Linda,Mccoy,Toulouse
David,Hill,Dongxiang
Jason,Turner,Jingzhou
Joan,Simpson,Povedniki
Jeffrey,Kelly,Sosnytsya
Sharon,Daniels,Dabaozi
Laura,Frazier,Moriya
Kimberly,Matthews,Nandu
Andrew,Lewis,Rumāh
Anthony,Watkins,Cran-Gevrier
Randy,Marshall,Marovoay
Jesse,Perez,Kadugedong
Scott,Baker,Ferreira
Craig,Duncan,Satuek
Jane,Wagner,Fushan
Helen,Spencer,Los Nogales
Judith,Lopez,Sinanju
Beverly,Hicks,Huerta Grande
Eugene,Lynch,Sunja
Juan,Long,Velké Svatoňovice
Ralph,Brown,N'Djamena
Eric,Lawrence,Stockholm
Martin,Black,Kisovec
Douglas,Anderson,Zaozerne
Stephen,Garcia,Cha-am
Jose,Murphy,Naftalan
Steven,Roberts,Caimitillo
Mark,Perry,La Suiza
George,Chapman,Chumphon Buri
Larry,Johnson,Smiřice
Jack,Ruiz,Nogent-le-Rotrou
James,Nelson,Nantes
Kenneth,Clark,Pendembu
Andrea,Andrews,Volodars’k-Volyns’kyy
Billy,Smith,Dzoraghbyur
Betty,Scott,Labog
Jean,Barnes,Angoulême
Sara,Wheeler,Souto da Casa
Andrea,Taylor,Mabasa
Ann,Coleman,Zhuxi
Jean,Gomez,San Marcos
Julia,Wagner,Santa Inês
Gloria,Clark,Pacho
Betty,Hunter,Lunéville
Kelly,Clark,Ḩawsh ‘Īsá
Evelyn,Russell,Kalengwa
Louis,Castillo,Besançon
Frances,Russell,Fayaoué
Edward,Olson,Benito Juarez
Joan,Dean,Vila Nova Sintra
Roger,Richardson,Nanger
Irene,Clark,Tiebukenwusan
James,Dunn,El Corozo
Laura,Lopez,Kisasa
Rose,Pierce,Weishan
Christina,Gomez,Ngajum
Johnny,Rogers,Fosca
Irene,Henderson,Loreto
Dorothy,Evans,Bromma
Nicole,Hughes,Chernogorsk
Joshua,Brown,Mocoa
Philip,Lane,Valvedditturai
Diane,Hunter,Säffle
Willie,Meyer,Bohorodchany
Christine,Kennedy,Cubará
Elizabeth,Cunningham,Tigbao
Donna,Carter,Acolla
Terry,Kelly,Saint-Quentin-en-Yvelines
Martha,Austin,Yoichi
Jose,Kelley,Kalemie
Roger,Peterson,Kristiansund N
Dorothy,Adams,Al Marsá
Phyllis,Garrett,Tulsa
Ann,Wallace,Intipucá
Melissa,Hudson,Changtan
David,Richards,Springfield
Dorothy,Harrison,Louisville
Gloria,Price,Marabá
Tammy,Harvey,Oak Bay
Diana,Cooper,Bonn
Juan,Ruiz,Burnaby
Wayne,Richardson,Toktogul
Arthur,Miller,Zárate
George,Wheeler,Al Ghizlānīyah
Howard,Carpenter,Shapaja
Harold,Phillips,Mîndreşti
Tina,Gonzalez,Osby
Thomas,Meyer,Watubuku
Deborah,Shaw,Bijeli
Fred,Murphy,Santana do Paraíso
Eric,Alvarez,Uthal
Mary,Perkins,Néa Smýrni
Wanda,Mitchell,Vredendal
Carlos,Weaver,Skaudvilė
Denise,Hall,Brocēni
Jeffrey,Wagner,Klwów
Louis,Hayes,Ōita
Steve,Dixon,Norabats’
Steven,Stone,Chiclayo
Rebecca,Mills,Oymak
Emily,Fuller,Ardirejo
Andrew,Robertson,Qarāwat Banī Zayd
Kenneth,Harrison,Guapimirim
Rebecca,Kennedy,Waepau
Roger,Bryant,Szeged
Kevin,Hansen,Horad Pinsk
Eugene,Bell,Norfolk
Lawrence,Hanson,Tønsberg
Pamela,Parker,Cauto Cristo
Phyllis,Campbell,Urpay
Jeremy,Watkins,Charlotte
Paul,Matthews,Voznesen’ye
Cynthia,Johnston,Saint-Ambroise
Catherine,Frazier,Jinping
Rachel,Gonzalez,Halton
Dorothy,Kim,Monteros
Timothy,Collins,Whitchurch
Matthew,Day,Heshan
Cynthia,Wagner,Concepción
Matthew,Dixon,Alikalia
Judith,Peterson,Aracataca
Katherine,Stephens,Kertayuga
Sara,Torres,Daba
